<?xml version="1.0" encoding="UTF-8" standalone="yes"?>
<ns2:features xmlns:ns2="http://karaf.apache.org/xmlns/features/v1.6.0" name="org.openhab.binding.vwweconnect-3.0.0-SNAPSHOT">
    <ns2:feature version="0.0.0">
        <ns2:feature>openhab-runtime-base</ns2:feature>
        <ns2:feature>openhab-transport-serial</ns2:feature>
        <ns2:bundle>mvn:com.jayway.jsonpath/json-path/2.4.0</ns2:bundle>
        <ns2:bundle>mvn:com.jayway.jsonpath/json-path/2.4.0</ns2:bundle>
        <ns2:bundle>mvn:net.minidev/accessors-smart/1.2</ns2:bundle>
        <ns2:bundle>mvn:net.minidev/accessors-smart/1.2</ns2:bundle>
        <ns2:bundle>mvn:net.minidev/json-smart/2.3</ns2:bundle>
        <ns2:bundle>mvn:net.minidev/json-smart/2.3</ns2:bundle>
        <ns2:bundle>mvn:org.jsoup/jsoup/1.8.3</ns2:bundle>
        <ns2:bundle>mvn:org.jsoup/jsoup/1.8.3</ns2:bundle>
        <ns2:bundle>mvn:org.openhab.addons.bundles/org.openhab.binding.vwweconnect/3.0.0-SNAPSHOT</ns2:bundle>
        <ns2:bundle>mvn:org.ow2.asm/asm/5.0.4</ns2:bundle>
        <ns2:bundle>mvn:org.ow2.asm/asm/5.0.4</ns2:bundle>
        <ns2:bundle>mvn:org.slf4j/slf4j-api/1.7.25</ns2:bundle>
    </ns2:feature>
</ns2:features>
