<?xml version="1.0" encoding="UTF-8"?>
<features name="org.openhab.binding.vwweconnect-${project.version}" xmlns="http://karaf.apache.org/xmlns/features/v1.4.0">
	<repository>mvn:org.openhab.core.features.karaf/org.openhab.core.features.karaf.openhab-core/${ohc.version}/xml/features</repository>

	<feature name="openhab-binding-vwweconnect" description="VW We Connect Binding" version="${project.version}">
		<feature>openhab-runtime-base</feature>
		<feature>openhab-transport-serial</feature>
		<bundle dependency="true">mvn:org.jsoup/jsoup/1.8.3</bundle>
		<bundle dependency="true">mvn:com.jayway.jsonpath/json-path/2.4.0</bundle>
		<bundle dependency="true">mvn:org.ow2.asm/asm/5.0.4</bundle>
		<bundle dependency="true">mvn:net.minidev/accessors-smart/1.2</bundle>
		<bundle dependency="true">mvn:net.minidev/json-smart/2.3</bundle>
		<bundle start-level="80">mvn:org.openhab.addons.bundles/org.openhab.binding.vwweconnect/${project.version}</bundle>
	</feature>

</features>
